{
  "r2": 0.3156089758205054,
  "mae": 81.5237716333305,
  "train_rows": 3606,
  "test_rows": 1394,
  "train_years": [
    2022,
    2023
  ],
  "test_years": [
    2024
  ],
  "target_bounds": {
    "min_train_target": 170.96,
    "max_train_target": 980.0
  }
}